name,full_gralic,full_bmf_head,crop_49a0a08,crop_head,crop_head_plus_fixA,regression_pct,fixA_pct
PIA12811,231133,227928,228684,227928,227780,-0.3306,-0.0649
PIA12813,430499,426936,337592,338068,335072,0.141,-0.8862
PIA13757,9720237,9663416,1010368,1011344,1010996,0.0966,-0.0344
PIA13779,170823,78188,22444,22084,22084,-1.604,0.0
PIA13785,1771064,2004844,1433004,1433216,1432892,0.0148,-0.0226
PIA13799,150914,87756,87912,87756,87756,-0.1775,0.0
PIA13803,5062879,4916604,1519608,1519804,1509452,0.0129,-0.6811
PIA13810,6318451,6388892,1645688,1646768,1646496,0.0656,-0.0165
PIA13812,1307611,1657984,1435644,1436252,1436352,0.0424,0.007
PIA13815,1235852,1159816,510932,510232,510232,-0.137,0.0
PIA13833,985583,1068248,177124,176272,176272,-0.481,0.0
PIA13855,216438,206252,186984,181192,177116,-3.0976,-2.2495
PIA13856,211378,206784,182240,181960,177916,-0.1536,-2.2225
PIA13857,247755,239356,192500,192152,190104,-0.1808,-1.0658
PIA13859,164565,164100,153320,152368,151244,-0.6209,-0.7377
PIA13862,126104,124960,125288,124960,123904,-0.2618,-0.8451
PIA13872,262584,223944,224376,223944,200264,-0.1925,-10.5741
PIA13882,2444091,2730536,1408052,1407448,1407448,-0.0429,0.0
PIA13891,198033,190468,190764,190468,190088,-0.1552,-0.1995
PIA13894,5070594,4964004,665980,665940,661216,-0.006,-0.7094
PIA13912,24268444,27921832,878496,879252,874992,0.0861,-0.4845
PIA13913,404450,402008,401956,402008,401884,0.0129,-0.0308
PIA13914,1030159,1022076,836164,835748,834192,-0.0498,-0.1862
PIA13915,13574547,14421652,863788,859356,859356,-0.5131,0.0
PIA13943,346274,352988,170676,168200,165572,-1.4507,-1.5624
STA13452,11498613,11678320,718868,719384,699372,0.0718,-2.7818
STA13453,9262192,8758720,567312,567144,531664,-0.0296,-6.2559
STA13454,13797944,14338608,1221680,1222132,1218200,0.037,-0.3217
STA13455,6453857,6586348,476024,477028,440188,0.2109,-7.7228
STA13456,1070622,1104940,1104496,1104940,1105444,0.0402,0.0456
STA13457,7760178,7887244,734332,734056,721300,-0.0376,-1.7377
STA13458,1953643,1856004,499088,499808,483468,0.1443,-3.2693
STA13459,6559356,6465560,501852,502388,466140,0.1068,-7.2151
STA13771,4893900,4974780,892892,893592,886060,0.0784,-0.8429
STA13781,498303,499648,499396,499648,490072,0.0505,-1.9165
STA13782,941647,964512,836420,836492,830160,0.0086,-0.757
STA13789,2047584,2027860,401412,401508,385492,0.0239,-3.989
STA13843,49273540,49708880,1103128,1104524,1096764,0.1265,-0.7026
STA13844,43673586,43914032,962636,964216,953084,0.1641,-1.1545
STA13845,40892954,44226712,981440,982704,970696,0.1288,-1.2219
STA13900,1897471,1960688,1389112,1389744,1388448,0.0455,-0.0933
STA13901,1749438,1779876,1292476,1293436,1290656,0.0743,-0.2149
STA13904,6345128,6248232,559844,560624,518852,0.1393,-7.451
STA13908,4144669,4152932,592452,593764,556792,0.2215,-6.2267
STA13942,737502,735248,538436,539172,505720,0.1367,-6.2043
canon_eos_1100d_01,9252904,9541004,844556,845904,832892,0.1596,-1.5382
canon_eos_1100d_02,10321388,10240716,987340,988524,978336,0.1199,-1.0306
canon_eos_1100d_03,9206906,9352460,772956,774596,760580,0.2122,-1.8095
canon_eos_1100d_04,10741639,10745048,943256,944216,932088,0.1018,-1.2845
canon_eos_1100d_05,9725937,9809436,863316,864508,852580,0.1381,-1.3797
canon_eos_1100d_06,9706841,9889768,868368,868864,856676,0.0571,-1.4028
canon_eos_1100d_11,11574562,11622740,1101400,1102772,1096016,0.1246,-0.6126
canon_eos_1100d_12,9890818,10033356,808644,809620,796992,0.1207,-1.5597
canon_eos_1100d_13,11008683,11193572,1000192,1001352,993320,0.116,-0.8021
canon_eos_1100d_14,12002707,12112828,1136216,1137468,1131216,0.1102,-0.5496
canon_eos_1100d_15,9206635,9457860,812792,814104,799540,0.1614,-1.789
fujifilm_finepix_x100_01,9180815,9523700,838196,839664,824388,0.1751,-1.8193
fujifilm_finepix_x100_02,9192701,9435424,835412,836400,820844,0.1183,-1.8599
fujifilm_finepix_x100_03,7382712,7401244,747368,748408,730116,0.1392,-2.4441
fujifilm_finepix_x100_04,8720634,9049856,1001028,1001892,991860,0.0863,-1.0013
fujifilm_finepix_x100_05,10306877,10656868,943580,944492,933324,0.0967,-1.1824
fujifilm_finepix_x100_06,7929387,8111276,725620,726744,707772,0.1549,-2.6105
fujifilm_finepix_x100_10,7459700,7698472,639540,640456,623320,0.1432,-2.6756
fujifilm_finepix_x100_11,8779074,9110432,809196,810256,793916,0.131,-2.0166
fujifilm_finepix_x100_12,8975089,9321728,756812,758436,741092,0.2146,-2.2868
fujifilm_finepix_x100_13,9840741,9970420,876076,877080,862688,0.1146,-1.6409
fujifilm_finepix_x100_14,9020210,9066740,788112,789448,773372,0.1695,-2.0364
fujifilm_finepix_x100_15,10753104,11033056,936992,937348,931612,0.038,-0.6119
olympus_xz1_01,7964165,8255060,888528,889160,877232,0.0711,-1.3415
olympus_xz1_02,7905388,8117408,894332,895624,884400,0.1445,-1.2532
olympus_xz1_03,8856381,9078448,939332,939932,927792,0.0639,-1.2916
olympus_xz1_04,8534039,8826200,926232,927100,913924,0.0937,-1.4212
olympus_xz1_05,8475614,8793396,891400,892648,879944,0.14,-1.4232
olympus_xz1_06,8919611,9238260,1005764,1006772,996856,0.1002,-0.9849
olympus_xz1_07,9002082,9252308,961468,962040,950768,0.0595,-1.1717
olympus_xz1_08,8446461,8766372,920180,921212,909752,0.1122,-1.244
olympus_xz1_09,9547946,9836896,1055552,1056968,1048488,0.1341,-0.8023
olympus_xz1_10,7860065,8150284,828456,829924,816300,0.1772,-1.6416
olympus_xz1_11,9549387,9823668,1007944,1008948,999400,0.0996,-0.9463
olympus_xz1_12,9818188,10151500,1111724,1112452,1106244,0.0655,-0.558
olympus_xz1_13,9399047,9721820,1070160,1071076,1063608,0.0856,-0.6972
olympus_xz1_14,11476957,11769340,1200116,1201520,1197772,0.117,-0.3119
olympus_xz1_15,11434021,11724124,1227304,1228628,1223168,0.1079,-0.4444
olympus_xz1_16,7364246,7621760,883396,883792,872548,0.0448,-1.2722
olympus_xz1_17,10805002,11090964,1199352,1200268,1195704,0.0764,-0.3802
olympus_xz1_18,9018058,9315908,1008152,1009080,1000880,0.092,-0.8126
olympus_xz1_19,9097338,9423116,993304,994296,984996,0.0999,-0.9353
olympus_xz1_20,15706428,16046476,1689688,1690288,1690368,0.0355,0.0047
olympus_xz1_21,16238971,16698800,1680440,1681852,1681944,0.084,0.0055
olympus_xz1_22,15617410,16014328,1588416,1589276,1588944,0.0541,-0.0209
olympus_xz1_23,8456200,8759896,1008460,1009728,1001652,0.1257,-0.7998
olympus_xz1_24,11267251,11627768,1202108,1203308,1199300,0.0998,-0.3331
olympus_xz1_25,11170955,11523704,1204964,1205960,1201852,0.0827,-0.3406
olympus_xz1_26,11439675,11768988,1241648,1242576,1239044,0.0747,-0.2842
olympus_xz1_27,12534003,12891788,1433176,1434036,1432456,0.06,-0.1102
sony_a55_01,11745358,12000228,837648,838812,823500,0.139,-1.8254
sony_a55_02,12054895,12282564,822256,823368,808784,0.1352,-1.7713
sony_a55_03,17989004,18409784,1193668,1195076,1191452,0.118,-0.3032
sony_a55_04,16424843,16571892,1125816,1127180,1121060,0.1212,-0.5429
sony_a55_05,18476235,18826896,1233332,1234780,1231780,0.1174,-0.243
sony_a55_06,11077283,11245828,862932,864204,850164,0.1474,-1.6246
sony_a55_07,11291367,11678856,751328,753008,736716,0.2236,-2.1636
sony_a55_08,11938059,12322392,898268,899472,887516,0.134,-1.3292
sony_a55_09,12948683,13312588,928784,929784,919568,0.1077,-1.0987
sony_a55_10,16288609,16535832,1102716,1103868,1098392,0.1045,-0.4961
sony_a55_11,31196405,31396828,2080028,2081104,2082348,0.0517,0.0598
sony_a55_15,13067896,13220744,860332,861540,848352,0.1404,-1.5307
