name,gra,bmf,delta,rel_pct,w,h,pixels,ncomp,gra_bpp,bmf_bpp,delta_bpp,h0_bpp,med_bpp,bmf_over_med,gra_over_med,ct_bpp,ct_keep,ct_ks,ct_refs,eq_w,eq_n,run_mean,dup_rows,nrows,distinct_px,distinct_per_px,top8,corr_bg,corr_gr,corr_br,period_lag,period_corr,planes_free,choice,choice_est,body,est_err_pct,transposed,models,desc
PIA12811,231133,227928,-3205,-1.387,854,829,707966,3,2.6118,2.5756,-0.0362,17.4394,10.0884,0.2553,0.2589,3.6989,B,,,0.38297,0.40153,1.62,0,828,512,0.0007,37.84,0.99,0.999,0.985,2,0.36564,24,planar,228725.3,227908,-0.357,0,"p2,refs+slow,slow","plane 0: slot 1  p2 | plane 1: slot 2  refs+slow dc=0  w=(150,0) | plane 2: slot 0  slow"
PIA12813,430499,426936,-3563,-0.828,1293,1036,1339548,3,2.571,2.5497,-0.0213,20.939,9.1169,0.2797,0.282,3.039,B,,,0.21563,0.12953,1.27,0,1035,344,0.0003,14.137,0.956,1.0,0.956,2,0.13846,24,planar,427614.3,426916,-0.163,1,"p2,refs+slow","plane 0: slot 2  refs+slow dc=0  w=(128,0) | plane 1: slot 0  p2 | plane 2: slot 1  refs+slow dc=0"
PIA13757,9720237,9663416,-56821,-0.585,7753,2352,18235056,3,4.2644,4.2395,-0.0249,16.3883,9.2703,0.4573,0.46,6.244,B,,,0.43445,0.42787,1.77,41,2351,60539,0.0033,41.82,1.0,0.888,0.888,2,0.42537,24,planar,9685203.3,9663396,-0.225,1,"p2,refs+slow",plane 0: slot 0  p2 | plane 1: slot 1  refs+slow dc=0 | plane 2: slot 2  p2
PIA13779,170823,78188,-92635,-54.229,3000,1800,5400000,3,0.2531,0.1158,-0.1372,3.7587,1.3458,0.0861,0.1881,1.0003,G,,,0.96513,0.95795,28.68,390,1799,617,0.0001,97.655,0.97,0.874,0.772,2,0.95144,24,together,78166.3,78168,0.002,0,"refs+slow,slow","plane 0: slot 0  slow | plane 1: slot 1  refs+slow dc=179 | plane 2: slot 2  refs+slow dc=122  w=(0,128)"
PIA13785,1771064,2004844,233780,13.2,1289,1127,1452703,3,9.7532,11.0406,1.2874,20.8976,13.0325,0.8472,0.7484,12.5802,B,,,0.03757,0.04896,1.04,0,1126,89958,0.0619,1.096,0.759,0.83,0.947,2,0.02361,24,together,2012329.3,2004824,-0.373,0,"p2,refs+p2","plane 0: slot 2  refs+p2   dc=160  w=(101,20) | plane 1: slot 0  p2 | plane 2: slot 1  p2"
PIA13799,150914,87756,-63158,-41.85,420,487,204540,3,5.9026,3.4323,-2.4702,15.773,10.2545,0.3347,0.5756,9.0151,G,,,0.2483,0.24464,1.33,0,486,255,0.0012,15.462,0.909,0.975,0.812,2,0.1796,24,together,87734.3,87736,0.002,0,"refs+slow,slow","plane 0: slot 2  refs+slow dc=205  w=(128,0) | plane 1: slot 0  slow | plane 2: slot 1  refs+slow dc=0"
PIA13803,5062879,4916604,-146275,-2.889,2254,1522,3430588,3,11.8064,11.4653,-0.3411,20.4596,20.2128,0.5672,0.5841,15.8992,G,,,0.01689,0.01707,1.02,0,1521,40244,0.0117,2.452,0.938,0.85,0.62,4,0.01712,24,together,4936506.3,4916584,-0.404,1,"p2,refs+p2","plane 0: slot 1  refs+p2   dc=88 | plane 1: slot 2  refs+p2   dc=183  w=(64,80) | plane 2: slot 0  p2"
PIA13810,6318451,6388892,70441,1.115,2118,1917,4060206,3,12.4495,12.5883,0.1388,21.579,15.2722,0.8243,0.8152,14.3306,B,,,0.02129,0.02388,1.02,0,1916,75061,0.0185,1.125,0.836,0.803,0.968,2,0.01063,24,together,6564798.3,6388872,-2.68,0,"p2,refs+p2","plane 0: slot 0  p2 | plane 1: slot 1  refs+p2   dc=201 | plane 2: slot 2  refs+p2   dc=169  w=(63,29)"
PIA13812,1307611,1657984,350373,26.795,1188,1015,1205820,3,8.6753,10.9999,2.3245,18.4444,13.5506,0.8118,0.6402,13.2432,B,,,0.08796,0.09099,1.1,0,1014,148802,0.1234,9.101,0.969,0.635,0.66,2,0.08109,24,planar,1660013.3,1657964,-0.123,1,"p1,refs+p2,slow","plane 0: slot 1  slow | plane 1: slot 2  refs+p2   dc=200  w=(1,85) | plane 2: slot 0  p1"
PIA13815,1235852,1159816,-76036,-6.153,1549,1523,2359127,3,4.1909,3.933,-0.2578,16.8641,7.4136,0.5305,0.5653,7.2788,G,,,0.6428,0.48639,2.8,0,1522,75802,0.0321,11.826,0.987,0.655,0.717,2,0.37042,24,planar,1159794.3,1159796,0.0,0,slow,plane 0: slot 2  slow | plane 1: slot 0  slow | plane 2: slot 1  slow
PIA13833,985583,1068248,82665,8.387,3300,2550,8415000,3,0.937,1.0156,0.0786,14.4657,2.2449,0.4524,0.4174,2.2091,R,,,0.74625,0.74377,3.94,0,2549,37917,0.0045,39.783,0.971,0.998,0.958,2,0.62823,24,planar,1068226.3,1068228,0.0,0,p1,plane 0: slot 1  p1 | plane 1: slot 2  p1 | plane 2: slot 0  p1
PIA13855,216438,206252,-10186,-4.706,1556,1253,1949668,3,0.8881,0.8463,-0.0418,11.7821,4.5273,0.1869,0.1962,1.5385,G,,,0.69928,0.70963,3.33,493,1252,1264,0.0006,62.282,0.994,1.0,0.994,2,0.64314,24,planar,207774.3,206232,-0.742,1,"p2,refs+slow","plane 0: slot 0  p2 | plane 1: slot 1  refs+slow dc=0 | plane 2: slot 2  refs+slow dc=0  w=(-1,129)"
PIA13856,211378,206784,-4594,-2.173,1565,1252,1959380,3,0.863,0.8443,-0.0188,11.7548,4.5163,0.1869,0.1911,1.5466,G,,,0.70085,0.71111,3.34,492,1251,1841,0.0009,62.328,0.998,1.0,0.998,2,0.64358,24,planar,208502.3,206764,-0.834,1,"p2,refs+slow","plane 0: slot 0  p2 | plane 1: slot 2  refs+slow dc=255  w=(2,126) | plane 2: slot 1  refs+slow dc=0"
PIA13857,247755,239356,-8399,-3.39,1566,1232,1929312,3,1.0273,0.9925,-0.0348,15.855,4.7192,0.2103,0.2177,1.6271,R,,,0.69464,0.69507,3.27,193,1231,1293,0.0007,58.137,0.982,1.0,0.982,2,0.6378,24,planar,239334.3,239336,0.001,0,"p1,refs+slow","plane 0: slot 0  p1 | plane 1: slot 2  refs+slow dc=253  w=(0,128) | plane 2: slot 1  refs+slow dc=0"
PIA13859,164565,164100,-465,-0.283,1489,1117,1663213,3,0.7916,0.7893,-0.0022,10.7121,4.5079,0.1751,0.1756,1.5564,G,,,0.75931,0.76591,4.15,371,1116,1886,0.0011,72.3,0.987,1.0,0.987,2,0.73043,24,planar,164894.3,164080,-0.494,1,"p2,refs+slow","plane 0: slot 0  p2 | plane 1: slot 1  refs+slow dc=0 | plane 2: slot 2  refs+slow dc=255  w=(-2,130)"
PIA13862,126104,124960,-1144,-0.907,890,680,605200,3,1.6669,1.6518,-0.0151,18.0023,7.3635,0.2243,0.2264,2.676,G,,,0.55206,0.54191,2.23,27,679,3144,0.0052,40.192,0.978,1.0,0.978,2,0.47336,24,planar,126434.3,124940,-1.182,0,"p2,refs+slow","plane 0: slot 0  p2 | plane 1: slot 1  refs+slow dc=0 | plane 2: slot 2  refs+slow dc=254  w=(0,128)"
PIA13872,262584,223944,-38640,-14.715,942,947,892074,3,2.3548,2.0083,-0.3465,20.5416,4.5708,0.4394,0.5152,3.0779,G,,,0.19131,0.28457,1.24,2,946,26305,0.0295,0.426,1.0,0.483,0.483,2,0.0619,24,planar,222295.3,223924,0.733,1,"p2,refs+slow",plane 0: slot 1  refs+slow dc=255 | plane 1: slot 0  p2 | plane 2: slot 2  p2
PIA13882,2444091,2730536,286445,11.72,1533,1484,2274972,3,8.5947,9.602,1.0073,17.7236,13.8415,0.6937,0.6209,13.2402,R,,,0.30842,0.14154,1.45,0,1483,73846,0.0325,5.834,0.782,0.936,0.806,2,0.05137,24,planar,2730514.3,2730516,0.0,0,slow,plane 0: slot 2  slow | plane 1: slot 1  slow | plane 2: slot 0  slow
PIA13891,198033,190468,-7565,-3.82,722,308,222376,3,7.1243,6.8521,-0.2722,16.7653,12.8311,0.534,0.5552,10.3072,G,,,0.39153,0.38827,1.64,20,307,77532,0.3487,41.219,0.989,0.96,0.954,2,0.37768,24,together,204366.3,190448,-6.81,0,"p2,refs+p2","plane 0: slot 1  refs+p2   dc=81 | plane 1: slot 2  refs+p2   dc=158  w=(67,69) | plane 2: slot 0  p2"
PIA13894,5070594,4964004,-106590,-2.102,2610,4104,10711440,3,3.787,3.7074,-0.0796,11.9016,7.6995,0.4815,0.4919,6.7199,G,,,0.276,0.30901,1.38,0,4103,221243,0.0207,36.047,0.94,0.945,0.793,2,0.23105,24,together,5261174.3,4963984,-5.649,0,"p2,refs+p2","plane 0: slot 0  p2 | plane 1: slot 1  refs+p2   dc=240 | plane 2: slot 2  refs+p2   dc=175  w=(-34,191)"
PIA13912,24268444,27921832,3653388,15.054,6330,5879,37214070,3,5.217,6.0024,0.7854,16.1672,10.9016,0.5506,0.4786,9.222,R,,,0.35946,0.3631,1.56,0,5878,191895,0.0052,35.772,0.095,0.953,-0.022,2,0.35183,24,together,27965282.3,27921812,-0.155,0,"p2,refs+p2","plane 0: slot 0  p2 | plane 1: slot 2  refs+p2   dc=129  w=(0,128) | plane 2: slot 1  refs+p2   dc=116"
PIA13913,404450,402008,-2442,-0.604,600,400,240000,3,13.4817,13.4003,-0.0814,21.312,16.1796,0.8282,0.8333,15.8763,G,,,0.0153,0.01807,1.02,0,399,141130,0.588,1.225,0.75,0.853,0.534,2,0.00979,24,together,413914.3,401988,-2.881,0,"p2,refs+p2","plane 0: slot 2  refs+p2   dc=238  w=(-20,64) | plane 1: slot 1  refs+p2   dc=85 | plane 2: slot 0  p2"
PIA13914,1030159,1022076,-8083,-0.785,1245,835,1039575,3,7.9275,7.8653,-0.0622,21.6827,11.5251,0.6825,0.6879,10.336,B,,,0.05001,0.04429,1.05,0,834,155387,0.1495,1.878,0.963,0.866,0.761,2,0.02067,24,together,1027219.3,1022056,-0.503,1,"p2,refs+p2",plane 0: slot 0  p2 | plane 1: slot 1  refs+p2   dc=176 | plane 2: slot 2  p2
PIA13915,13574547,14421652,847105,6.24,3790,3122,11832380,3,9.1779,9.7506,0.5727,18.903,13.1101,0.7437,0.7001,13.1101,R,,,0.09934,0.10987,1.11,0,3121,121169,0.0102,8.816,0.913,0.17,-0.012,2,0.07589,24,together,14421630.3,14421632,0.0,1,slow,plane 0: slot 0  slow | plane 1: slot 1  slow | plane 2: slot 2  slow
PIA13943,346274,352988,6714,1.939,3000,2400,7200000,3,0.3847,0.3922,0.0075,6.0937,2.7259,0.1439,0.1411,0.9086,B,,,0.84967,0.85405,6.65,1309,2399,256,0.0,86.177,1.0,1.0,1.0,2,0.83258,24,planar,355578.3,352968,-0.734,1,"p2,refs+slow","plane 0: slot 2  refs+slow dc=0  w=(128,0) | plane 1: slot 0  p2 | plane 2: slot 1  refs+slow dc=0"
STA13452,11498613,11678320,179707,1.563,4000,4000,16000000,3,5.7493,5.8392,0.0899,15.9958,8.6663,0.6738,0.6634,8.4745,B,,,0.02446,0.02913,1.03,0,3999,798452,0.0499,2.061,0.923,0.356,0.193,2,0.0085,24,together,11681634.3,11678300,-0.029,1,p2,plane 0: slot 1  p2 | plane 1: slot 0  p2 | plane 2: slot 2  p2
STA13453,9262192,8758720,-503472,-5.436,4095,4095,16769025,3,4.4187,4.1785,-0.2402,20.8391,8.5689,0.4876,0.5157,8.1151,B,,,0.01787,0.01964,1.02,0,4094,3374573,0.2012,0.038,0.526,0.599,0.017,2,0.00575,24,together,8774898.3,8758700,-0.185,0,"p2,refs+p2","plane 0: slot 1  refs+p2   dc=134 | plane 1: slot 0  p2 | plane 2: slot 2  refs+p2   dc=218  w=(30,-10)"
STA13454,13797944,14338608,540664,3.918,4000,4000,16000000,3,6.899,7.1693,0.2703,15.5761,10.0137,0.716,0.689,9.6016,B,,,0.02504,0.02752,1.03,0,3999,579635,0.0362,1.858,0.782,0.54,0.174,2,0.00919,24,together,14340853.3,14338588,-0.016,1,"p2,refs+p2","plane 0: slot 1  p2 | plane 1: slot 2  refs+p2   dc=232  w=(-12,45) | plane 2: slot 0  p2"
STA13455,6453857,6586348,132491,2.053,4095,4095,16769025,3,3.0789,3.1421,0.0632,15.8386,5.0112,0.627,0.6144,5.0112,B,,,0.11013,0.11949,1.12,0,4094,937033,0.0559,1.688,0.811,0.701,0.475,2,0.03887,24,together,6601718.3,6586328,-0.233,1,"p2,refs+p2","plane 0: slot 1  refs+p2   dc=132 | plane 1: slot 2  refs+p2   dc=232  w=(28,34) | plane 2: slot 0  p2"
STA13456,1070622,1104940,34318,3.205,933,700,653100,3,13.1143,13.5347,0.4204,15.8697,15.0219,0.901,0.873,15.0219,B,,,0.00098,0.00145,1.0,0,699,97532,0.1493,0.501,0.75,-0.137,-0.09,2,0.00041,24,planar,1106341.3,1104920,-0.128,1,"p1,p2,refs+p2","plane 0: slot 1  p2 | plane 1: slot 2  refs+p2   dc=255  w=(-64,14) | plane 2: slot 0  p1"
STA13457,7760178,7887244,127066,1.637,3754,3004,11277016,3,5.5051,5.5953,0.0901,15.4723,8.3669,0.6687,0.658,8.3669,B,,,0.02871,0.02955,1.03,7,3003,285616,0.0253,1.962,0.813,0.654,0.699,2,0.01204,24,planar,7893294.3,7887224,-0.077,0,p2,plane 0: slot 0  p2 | plane 1: slot 1  p2 | plane 2: slot 2  p2
STA13458,1953643,1856004,-97639,-4.998,2000,2000,4000000,3,3.9073,3.712,-0.1953,19.5236,9.4413,0.3932,0.4138,6.2308,B,,,0.01714,0.01976,1.02,0,1999,22554,0.0056,0.754,1.0,0.909,0.909,2,0.00603,24,together,1857201.3,1855984,-0.066,0,"p2,refs+p2","plane 0: slot 2  refs+p2   dc=0  w=(128,0) | plane 1: slot 0  p2 | plane 2: slot 1  p2"
STA13459,6559356,6465560,-93796,-1.43,4095,3234,13243230,3,3.9624,3.9057,-0.0567,20.2712,6.7957,0.5747,0.5831,6.5905,B,,,0.05748,0.05168,1.06,0,3233,1612087,0.1217,0.114,0.557,0.726,0.242,2,0.01682,24,together,6491094.3,6465540,-0.394,0,"p2,refs+p2","plane 0: slot 1  refs+p2   dc=146 | plane 1: slot 0  p2 | plane 2: slot 2  refs+p2   dc=186  w=(45,-1)"
STA13771,4893900,4974780,80880,1.653,3016,4106,12383696,3,3.1615,3.2138,0.0522,13.7881,5.412,0.5938,0.5842,5.3288,B,,,0.45065,0.45209,1.82,0,4105,332268,0.0268,45.79,0.818,0.914,0.652,2,0.40533,24,together,4991679.3,4974760,-0.339,0,"p2,refs+p2","plane 0: slot 0  p2 | plane 1: slot 1  refs+p2   dc=183 | plane 2: slot 2  refs+p2   dc=224  w=(5,22)"
STA13781,498303,499648,1345,0.27,800,800,640000,3,6.2288,6.2456,0.0168,19.2948,8.216,0.7602,0.7581,8.0998,G,,,0.02381,0.02653,1.02,0,799,223137,0.3487,1.209,0.794,0.166,0.071,2,0.00933,24,together,501385.3,499628,-0.35,0,"p2,refs+p2","plane 0: slot 2  refs+p2   dc=157  w=(128,0) | plane 1: slot 0  p2 | plane 2: slot 1  p2"
STA13782,941647,964512,22865,2.428,1100,1100,1210000,3,6.2258,6.3769,0.1512,14.4338,10.2041,0.6249,0.6101,10.2041,B,,,0.03134,0.03118,1.03,0,1099,205701,0.17,7.481,0.915,0.909,0.856,2,0.01617,24,planar,965862.3,964492,-0.142,0,"p1,p2",plane 0: slot 1  p2 | plane 1: slot 2  p2 | plane 2: slot 0  p1
STA13789,2047584,2027860,-19724,-0.963,2400,2400,5760000,3,2.8439,2.8165,-0.0274,15.9779,4.7029,0.5989,0.6047,4.7029,B,,,0.16959,0.1822,1.2,0,2399,503600,0.0874,3.379,0.957,0.844,0.835,2,0.03969,24,planar,2027738.3,2027840,0.005,1,"p1,p2",plane 0: slot 2  p1 | plane 1: slot 0  p1 | plane 2: slot 1  p2
STA13843,49273540,49708880,435340,0.884,6800,6800,46240000,3,8.5248,8.6002,0.0753,20.7261,11.586,0.7423,0.7358,11.2502,G,,,0.01614,0.01583,1.02,0,6799,2522852,0.0546,0.332,0.955,0.514,0.471,2,0.00571,24,together,49798290.3,49708860,-0.18,1,"p2,refs+p2","plane 0: slot 1  refs+p2   dc=131 | plane 1: slot 0  p2 | plane 2: slot 2  refs+p2   dc=255  w=(-12,9)"
STA13844,43673586,43914032,240446,0.551,6800,6800,46240000,3,7.556,7.5976,0.0416,21.4858,10.3438,0.7345,0.7305,10.0276,B,,,0.03216,0.03277,1.03,0,6799,3554681,0.0769,0.196,0.628,0.609,0.194,2,0.01217,24,together,44044062.3,43914012,-0.295,1,"p2,refs+p2","plane 0: slot 1  refs+p2   dc=119 | plane 1: slot 0  p2 | plane 2: slot 2  refs+p2   dc=11  w=(-26,-1)"
STA13845,40892954,44226712,3333758,8.152,6800,6800,46240000,3,7.0749,7.6517,0.5768,21.7515,10.4051,0.7354,0.6799,10.0989,G,,,0.01758,0.01796,1.02,0,6799,3169157,0.0685,0.019,0.719,0.277,-0.309,2,0.00471,24,together,44237350.3,44226692,-0.024,1,p2,plane 0: slot 2  p2 | plane 1: slot 1  p2 | plane 2: slot 0  p2
STA13900,1897471,1960688,63217,3.332,1200,1200,1440000,3,10.5415,10.8927,0.3512,17.2989,12.5023,0.8713,0.8432,12.4702,G,,,0.00273,0.00382,1.0,0,1199,141275,0.0981,0.514,0.974,0.859,0.857,2,0.00152,24,planar,1963633.3,1960668,-0.151,1,"p1,p2,refs+p2","plane 0: slot 1  p2 | plane 1: slot 2  refs+p2   dc=214  w=(-10,35) | plane 2: slot 0  p1"
STA13901,1749438,1779876,30438,1.74,1200,1200,1440000,3,9.7191,9.8882,0.1691,16.804,11.3492,0.8713,0.8564,11.2915,G,,,0.00334,0.00466,1.0,0,1199,207478,0.1441,1.514,0.955,0.942,0.88,2,0.00131,24,together,1784833.3,1779856,-0.279,1,"p2,refs+p2","plane 0: slot 1  p2 | plane 1: slot 2  refs+p2   dc=231  w=(-30,45) | plane 2: slot 0  p2"
STA13904,6345128,6248232,-96896,-1.527,4000,2800,11200000,3,4.5322,4.463,-0.0692,21.048,7.8563,0.5681,0.5769,7.5936,B,,,0.01699,0.01954,1.02,0,2799,1952194,0.1743,0.092,0.688,0.623,0.196,2,0.00421,24,together,6248846.3,6248212,-0.01,1,"p2,refs+p2","plane 0: slot 1  refs+p2   dc=150 | plane 1: slot 0  p2 | plane 2: slot 2  refs+p2   dc=215  w=(30,-9)"
STA13908,4144669,4152932,8263,0.199,2700,2700,7290000,3,4.5483,4.5574,0.0091,17.3355,6.8248,0.6678,0.6664,6.789,B,,,0.01722,0.0129,1.02,0,2699,605534,0.0831,0.114,0.754,0.369,0.105,2,0.00343,24,together,4163366.3,4152912,-0.251,1,"p2,refs+p2","plane 0: slot 1  refs+p2   dc=69 | plane 1: slot 2  refs+p2   dc=218  w=(28,43) | plane 2: slot 0  p2"
STA13942,737502,735248,-2254,-0.306,1200,1200,1440000,3,4.0972,4.0847,-0.0125,18.5318,7.2394,0.5642,0.566,7.2218,G,,,0.03133,0.03397,1.03,0,1199,334789,0.2325,0.435,0.596,0.733,0.234,2,0.01174,24,together,741014.3,735228,-0.781,0,"p2,refs+p2","plane 0: slot 2  refs+p2   dc=161  w=(128,0) | plane 1: slot 0  p2 | plane 2: slot 1  refs+p2   dc=71"
canon_eos_1100d_01,9252904,9541004,288100,3.114,4290,2856,12252240,3,6.0416,6.2297,0.1881,19.3842,7.4618,0.8349,0.8097,7.2415,G,,,0.04327,0.04284,1.05,0,2855,118650,0.0097,0.977,0.964,0.95,0.866,2,0.01147,23,together,9995102.3,9540984,-4.543,0,"p2,refs+p2","plane 0: slot 2  refs+p2   dc=234  w=(33,30) | plane 1: slot 0  p2 | plane 2: slot 1  refs+p2   dc=226"
canon_eos_1100d_02,10321388,10240716,-80672,-0.782,2856,4290,12252240,3,6.7393,6.6866,-0.0527,19.7073,9.029,0.7406,0.7464,8.8049,G,,,0.03782,0.04012,1.04,0,4289,773780,0.0632,1.639,0.968,0.982,0.936,2,0.01085,24,together,10801694.3,10240696,-5.194,1,"p2,refs+p2","plane 0: slot 2  refs+p2   dc=165  w=(55,24) | plane 1: slot 0  p2 | plane 2: slot 1  refs+p2   dc=120"
canon_eos_1100d_03,9206906,9352460,145554,1.581,4290,2856,12252240,3,6.0116,6.1066,0.095,17.6186,7.4576,0.8188,0.8061,7.2656,G,,,0.05111,0.0474,1.05,0,2855,284013,0.0232,1.171,0.878,0.953,0.772,2,0.01501,24,together,9375279.3,9352440,-0.244,0,"p2,refs+p2","plane 0: slot 2  refs+p2   dc=200  w=(28,28) | plane 1: slot 0  p2 | plane 2: slot 1  refs+p2   dc=184"
canon_eos_1100d_04,10741639,10745048,3409,0.032,4290,2856,12252240,3,7.0137,7.0159,0.0022,19.3254,9.0163,0.7781,0.7779,8.5666,G,,,0.03078,0.03031,1.03,0,2855,354728,0.029,0.24,0.852,0.899,0.814,2,0.00792,24,together,11289990.3,10745028,-4.827,0,"p2,refs+p2","plane 0: slot 2  refs+p2   dc=153  w=(65,33) | plane 1: slot 0  p2 | plane 2: slot 1  refs+p2   dc=166"
canon_eos_1100d_05,9725937,9809436,83499,0.859,4290,2856,12252240,3,6.3505,6.405,0.0545,18.1877,7.8272,0.8183,0.8113,7.6609,G,,,0.04962,0.03942,1.05,0,2855,325236,0.0265,1.216,0.949,0.968,0.896,2,0.01415,24,together,9849839.3,9809416,-0.41,0,"p2,refs+p2","plane 0: slot 2  refs+p2   dc=162  w=(49,21) | plane 1: slot 0  p2 | plane 2: slot 1  refs+p2   dc=130"
canon_eos_1100d_06,9706841,9889768,182927,1.885,2856,4290,12252240,3,6.338,6.4574,0.1194,20.4417,7.9799,0.8092,0.7943,7.7483,G,,,0.04016,0.03895,1.04,0,4289,618902,0.0505,0.488,0.582,0.896,0.407,2,0.01168,24,together,9921755.3,9889748,-0.323,0,"p2,refs+p2","plane 0: slot 2  refs+p2   dc=170  w=(40,26) | plane 1: slot 0  p2 | plane 2: slot 1  refs+p2   dc=172"
canon_eos_1100d_11,11574562,11622740,48178,0.416,4290,2856,12252240,3,7.5575,7.589,0.0315,19.0883,9.9213,0.7649,0.7617,9.3113,G,,,0.02239,0.02001,1.02,0,2855,256993,0.021,0.217,0.887,0.953,0.864,2,0.00536,21,together,12422398.3,11622720,-6.437,1,"p2,refs+p2","plane 0: slot 2  refs+p2   dc=220  w=(43,37) | plane 1: slot 1  refs+p2   dc=191 | plane 2: slot 0  p2"
canon_eos_1100d_12,9890818,10033356,142538,1.441,4290,2856,12252240,3,6.4581,6.5512,0.0931,19.1777,8.3337,0.7861,0.7749,7.8582,G,,,0.03563,0.03942,1.04,0,2855,172303,0.0141,0.819,0.935,0.985,0.892,2,0.00962,21,together,10538942.3,10033336,-4.798,1,"p2,refs+p2","plane 0: slot 2  refs+p2   dc=209  w=(40,40) | plane 1: slot 0  p2 | plane 2: slot 1  refs+p2   dc=198"
canon_eos_1100d_13,11008683,11193572,184889,1.679,2856,4290,12252240,3,7.188,7.3088,0.1207,20.7279,9.0119,0.811,0.7976,8.6685,G,,,0.02527,0.02267,1.03,0,4289,636740,0.052,0.637,0.96,0.946,0.931,2,0.00707,24,together,11687742.3,11193552,-4.228,0,"p2,refs+p2","plane 0: slot 2  refs+p2   dc=173  w=(36,33) | plane 1: slot 0  p2 | plane 2: slot 1  refs+p2   dc=172"
canon_eos_1100d_14,12002707,12112828,110121,0.917,4290,2856,12252240,3,7.8371,7.909,0.0719,21.1633,10.2983,0.768,0.761,9.5816,G,,,0.02113,0.02065,1.02,0,2855,651735,0.0532,0.122,0.909,0.933,0.894,2,0.00469,24,together,12578706.3,12112808,-3.704,1,"p2,refs+p2","plane 0: slot 2  refs+p2   dc=161  w=(59,36) | plane 1: slot 0  p2 | plane 2: slot 1  refs+p2   dc=127"
canon_eos_1100d_15,9206635,9457860,251225,2.729,2856,4290,12252240,3,6.0114,6.1754,0.164,19.7761,7.515,0.8218,0.7999,7.2274,G,,,0.03847,0.03907,1.04,0,4289,121327,0.0099,0.185,0.952,0.993,0.929,2,0.00924,21,together,9870542.3,9457840,-4.181,0,"p2,refs+p2","plane 0: slot 2  refs+p2   dc=226  w=(35,33) | plane 1: slot 0  p2 | plane 2: slot 1  refs+p2   dc=227"
fujifilm_finepix_x100_01,9180815,9523700,342885,3.735,4310,2870,12369700,3,5.9376,6.1594,0.2218,20.5818,9.2786,0.6638,0.6399,7.2315,G,,,0.05316,0.04922,1.06,0,2869,363641,0.0294,0.198,0.922,0.896,0.75,2,0.01243,24,together,9614838.3,9523680,-0.948,1,"p2,refs+p2","plane 0: slot 2  refs+p2   dc=198  w=(128,0) | plane 1: slot 0  p2 | plane 2: slot 1  refs+p2   dc=209"
fujifilm_finepix_x100_02,9192701,9435424,242723,2.64,4310,2870,12369700,3,5.9453,6.1023,0.157,21.2161,9.3516,0.6525,0.6357,7.3757,G,,,0.0732,0.05878,1.08,0,2869,362386,0.0293,0.732,0.987,0.945,0.905,2,0.02213,24,together,9669486.3,9435404,-2.421,0,"p2,refs+p2","plane 0: slot 1  refs+p2   dc=200 | plane 1: slot 0  p2 | plane 2: slot 2  refs+p2   dc=184  w=(116,2)"
fujifilm_finepix_x100_03,7382712,7401244,18532,0.251,2870,4310,12369700,3,4.7747,4.7867,0.012,19.7544,8.271,0.5787,0.5773,6.5988,G,,,0.13984,0.15324,1.16,0,4309,207607,0.0168,9.441,0.999,0.998,0.995,2,0.06441,24,together,7409042.3,7401224,-0.106,1,"p2,refs+p2","plane 0: slot 1  refs+p2   dc=200 | plane 1: slot 0  p2 | plane 2: slot 2  refs+p2   dc=198  w=(110,6)"
fujifilm_finepix_x100_04,8720634,9049856,329222,3.775,2870,4310,12369700,3,5.64,5.8529,0.2129,17.5084,8.3582,0.7003,0.6748,7.0454,G,,,0.09016,0.09017,1.1,0,4309,214431,0.0173,10.791,0.975,0.989,0.939,2,0.04056,24,together,9253794.3,9049836,-2.204,0,"p2,refs+p2","plane 0: slot 1  refs+p2   dc=173 | plane 1: slot 0  p2 | plane 2: slot 2  refs+p2   dc=190  w=(120,-4)"
fujifilm_finepix_x100_05,10306877,10656868,349991,3.396,2870,4310,12369700,3,6.6659,6.8922,0.2264,20.4587,9.677,0.7122,0.6888,8.1208,G,,,0.05096,0.05088,1.05,0,4309,519870,0.042,2.471,0.974,0.975,0.923,2,0.02591,24,together,10869214.3,10656848,-1.954,0,"p2,refs+p2","plane 0: slot 1  refs+p2   dc=162 | plane 1: slot 0  p2 | plane 2: slot 2  refs+p2   dc=129  w=(122,-5)"
fujifilm_finepix_x100_06,7929387,8111276,181889,2.294,2870,4310,12369700,3,5.1283,5.2459,0.1176,21.2655,8.3277,0.6299,0.6158,6.6162,G,,,0.10354,0.10874,1.12,0,4309,197474,0.016,1.583,0.988,0.94,0.904,2,0.04111,24,together,8116226.3,8111256,-0.061,0,"p2,refs+p2","plane 0: slot 1  refs+p2   dc=202 | plane 1: slot 0  p2 | plane 2: slot 2  refs+p2   dc=193  w=(100,15)"
fujifilm_finepix_x100_10,7459700,7698472,238772,3.201,4310,2870,12369700,3,4.8245,4.9789,0.1544,20.3161,7.2107,0.6905,0.6691,6.1164,G,,,0.12499,0.12114,1.14,0,2869,493605,0.0399,3.85,0.934,0.928,0.772,2,0.06176,24,together,7994202.3,7698452,-3.7,0,"p2,refs+p2","plane 0: slot 1  refs+p2   dc=96 | plane 1: slot 0  p2 | plane 2: slot 2  refs+p2   dc=223  w=(87,4)"
fujifilm_finepix_x100_11,8779074,9110432,331358,3.774,4310,2870,12369700,3,5.6778,5.8921,0.2143,21.5404,8.3457,0.706,0.6803,7.0028,G,,,0.0722,0.07082,1.08,0,2869,672083,0.0543,2.091,0.961,0.93,0.862,2,0.03183,24,together,9323874.3,9110412,-2.289,1,"p2,refs+p2","plane 0: slot 1  refs+p2   dc=114 | plane 1: slot 0  p2 | plane 2: slot 2  refs+p2   dc=225  w=(98,0)"
fujifilm_finepix_x100_12,8975089,9321728,346639,3.862,4310,2870,12369700,3,5.8046,6.0287,0.2242,21.3274,8.8192,0.6836,0.6582,7.0143,G,,,0.06594,0.05087,1.07,0,2869,148702,0.012,1.269,0.993,0.992,0.974,2,0.02083,24,together,9327538.3,9321708,-0.063,1,"p2,refs+p2","plane 0: slot 1  refs+p2   dc=226 | plane 1: slot 0  p2 | plane 2: slot 2  refs+p2   dc=248  w=(102,6)"
fujifilm_finepix_x100_13,9840741,9970420,129679,1.318,2870,4310,12369700,3,6.3644,6.4483,0.0839,20.2409,9.1602,0.7039,0.6948,7.7605,G,,,0.04982,0.04666,1.05,0,4309,419608,0.0339,1.297,0.981,0.952,0.897,2,0.02131,24,together,10394698.3,9970400,-4.082,0,"p2,refs+p2","plane 0: slot 1  refs+p2   dc=103 | plane 1: slot 0  p2 | plane 2: slot 2  refs+p2   dc=183  w=(120,-8)"
fujifilm_finepix_x100_14,9020210,9066740,46530,0.516,4310,2870,12369700,3,5.8337,5.8638,0.0301,20.5463,8.3636,0.7011,0.6975,7.0469,G,,,0.08599,0.06826,1.09,0,2869,526132,0.0425,2.442,0.849,0.979,0.792,2,0.04482,24,together,9325078.3,9066720,-2.771,0,"p2,refs+p2","plane 0: slot 1  refs+p2   dc=59 | plane 1: slot 0  p2 | plane 2: slot 2  refs+p2   dc=206  w=(107,3)"
fujifilm_finepix_x100_15,10753104,11033056,279952,2.603,4310,2870,12369700,3,6.9545,7.1355,0.1811,18.6458,9.7028,0.7354,0.7167,8.6958,G,,,0.04951,0.04907,1.05,0,2869,671874,0.0543,3.311,0.972,0.924,0.874,2,0.03025,24,together,11320158.3,11033036,-2.536,0,"p2,refs+p2","plane 0: slot 1  refs+p2   dc=132 | plane 1: slot 0  p2 | plane 2: slot 2  refs+p2   dc=201  w=(94,-2)"
olympus_xz1_01,7964165,8255060,290895,3.653,2760,3680,10156800,3,6.273,6.5021,0.2291,19.3349,8.7531,0.7428,0.7167,7.4454,G,,,0.04399,0.04345,1.05,0,3679,350215,0.0345,1.825,0.985,0.946,0.898,2,0.01575,24,together,8398618.3,8255040,-1.71,1,"p2,refs+p2","plane 0: slot 1  refs+p2   dc=184 | plane 1: slot 0  p2 | plane 2: slot 2  refs+p2   dc=246  w=(96,-2)"
olympus_xz1_02,7905388,8117408,212020,2.682,2760,3680,10156800,3,6.2267,6.3937,0.167,21.4822,8.9629,0.7134,0.6947,7.453,G,,,0.07539,0.08227,1.08,0,3679,207292,0.0204,5.255,0.978,0.965,0.898,2,0.05178,24,together,8290674.3,8117388,-2.09,0,"p2,refs+p2","plane 0: slot 1  refs+p2   dc=208 | plane 1: slot 0  p2 | plane 2: slot 2  refs+p2   dc=212  w=(96,-1)"
olympus_xz1_03,8856381,9078448,222067,2.507,2760,3680,10156800,3,6.9757,7.1506,0.1749,21.9303,10.148,0.7046,0.6874,8.242,G,,,0.02919,0.03049,1.03,0,3679,254104,0.025,0.53,0.967,0.954,0.849,2,0.00668,24,together,9222138.3,9078428,-1.558,0,"p2,refs+p2","plane 0: slot 1  refs+p2   dc=198 | plane 1: slot 0  p2 | plane 2: slot 2  refs+p2   dc=187  w=(128,-8)"
olympus_xz1_04,8534039,8826200,292161,3.423,2760,3680,10156800,3,6.7218,6.952,0.2301,20.615,10.2604,0.6776,0.6551,8.084,G,,,0.02952,0.03807,1.03,0,3679,117051,0.0115,1.328,0.983,0.991,0.954,2,0.00754,24,together,8844654.3,8826180,-0.209,0,"p2,refs+p2","plane 0: slot 2  refs+p2   dc=209  w=(128,0) | plane 1: slot 0  p2 | plane 2: slot 1  refs+p2   dc=228"
olympus_xz1_05,8475614,8793396,317782,3.749,2760,3680,10156800,3,6.6758,6.9261,0.2503,21.7226,9.7081,0.7134,0.6877,7.9247,G,,,0.0376,0.03826,1.04,0,3679,154705,0.0152,1.252,0.991,0.993,0.972,2,0.01103,24,together,8793550.3,8793376,-0.002,0,"p2,refs+p2","plane 0: slot 2  refs+p2   dc=211  w=(128,0) | plane 1: slot 0  p2 | plane 2: slot 1  refs+p2   dc=221"
olympus_xz1_06,8919611,9238260,318649,3.572,3680,2760,10156800,3,7.0255,7.2765,0.251,21.1729,10.5549,0.6894,0.6656,8.3068,G,,,0.03924,0.03458,1.04,0,2759,84427,0.0083,2.469,0.995,0.997,0.988,2,0.01349,24,together,9278578.3,9238240,-0.435,0,"p2,refs+p2","plane 0: slot 2  refs+p2   dc=208  w=(128,0) | plane 1: slot 0  p2 | plane 2: slot 1  refs+p2   dc=217"
olympus_xz1_07,9002082,9252308,250226,2.78,2760,3680,10156800,3,7.0905,7.2876,0.1971,20.502,10.3825,0.7019,0.6829,8.3358,G,,,0.0241,0.03056,1.02,0,3679,98308,0.0097,0.487,0.989,0.993,0.966,2,0.00486,24,together,9337462.3,9252288,-0.912,1,"p2,refs+p2","plane 0: slot 2  refs+p2   dc=229  w=(126,-5) | plane 1: slot 0  p2 | plane 2: slot 1  refs+p2   dc=227"
olympus_xz1_08,8446461,8766372,319911,3.788,2760,3680,10156800,3,6.6529,6.9048,0.252,20.3302,9.4366,0.7317,0.705,7.8638,G,,,0.03314,0.03405,1.03,0,3679,163506,0.0161,1.248,0.992,0.98,0.953,2,0.0076,24,together,8803390.3,8766352,-0.421,0,"p2,refs+p2","plane 0: slot 2  refs+p2   dc=193  w=(128,0) | plane 1: slot 0  p2 | plane 2: slot 1  refs+p2   dc=205"
olympus_xz1_09,9547946,9836896,288950,3.026,2760,3680,10156800,3,7.5204,7.748,0.2276,19.0271,11.2586,0.6882,0.668,8.8617,G,,,0.0293,0.02082,1.03,0,3679,113796,0.0112,0.864,0.988,0.993,0.97,2,0.00575,24,together,9993922.3,9836876,-1.571,0,"p2,refs+p2","plane 0: slot 0  p2 | plane 1: slot 1  refs+p2   dc=178 | plane 2: slot 2  refs+p2   dc=189  w=(0,128)"
olympus_xz1_10,7860065,8150284,290219,3.692,2760,3680,10156800,3,6.191,6.4196,0.2286,17.8741,8.731,0.7353,0.7091,7.3918,G,,,0.04551,0.04681,1.05,0,3679,113055,0.0111,1.206,0.99,0.988,0.968,2,0.01309,24,together,8154782.3,8150264,-0.055,1,"p2,refs+p2","plane 0: slot 1  refs+p2   dc=202 | plane 1: slot 0  p2 | plane 2: slot 2  refs+p2   dc=217  w=(128,0)"
olympus_xz1_11,9549387,9823668,274281,2.872,3680,2760,10156800,3,7.5216,7.7376,0.216,19.4854,11.1565,0.6935,0.6742,8.8557,G,,,0.01331,0.02583,1.01,0,2759,144641,0.0142,0.175,0.963,0.953,0.926,2,0.00244,24,together,9842902.3,9823648,-0.196,0,"p2,refs+p2","plane 0: slot 1  refs+p2   dc=212 | plane 1: slot 0  p2 | plane 2: slot 2  refs+p2   dc=226  w=(128,0)"
olympus_xz1_12,9818188,10151500,333312,3.395,3680,2760,10156800,3,7.7333,7.9958,0.2625,20.0841,10.9172,0.7324,0.7084,9.1317,G,,,0.02068,0.02191,1.02,0,2759,233043,0.0229,0.803,0.992,0.987,0.978,2,0.00809,24,together,10205322.3,10151480,-0.528,0,"p2,refs+p2","plane 0: slot 1  refs+p2   dc=200 | plane 1: slot 0  p2 | plane 2: slot 2  refs+p2   dc=199  w=(130,-8)"
olympus_xz1_13,9399047,9721820,322773,3.434,3680,2760,10156800,3,7.4032,7.6574,0.2542,21.5812,10.4907,0.7299,0.7057,8.6168,G,,,0.02289,0.02157,1.02,0,2759,120949,0.0119,0.411,0.999,0.998,0.995,2,0.00514,24,together,9726126.3,9721800,-0.044,1,"p2,refs+p2","plane 0: slot 1  refs+p2   dc=230 | plane 1: slot 0  p2 | plane 2: slot 2  refs+p2   dc=220  w=(128,0)"
olympus_xz1_14,11476957,11769340,292383,2.548,3680,2760,10156800,3,9.0398,9.2701,0.2303,21.7294,11.8974,0.7792,0.7598,10.2656,G,,,0.01084,0.01122,1.01,0,2759,264432,0.026,0.455,0.986,0.989,0.964,2,0.00491,24,together,11998146.3,11769320,-1.907,0,"p2,refs+p2","plane 0: slot 2  refs+p2   dc=157  w=(-31,174) | plane 1: slot 1  refs+p2   dc=181 | plane 2: slot 0  p2"
olympus_xz1_15,11434021,11724124,290103,2.537,3680,2760,10156800,3,9.006,9.2345,0.2285,21.7602,11.8397,0.78,0.7607,10.3687,G,,,0.00993,0.01004,1.01,0,2759,378864,0.0373,0.403,0.885,0.976,0.819,2,0.00396,24,together,11929562.3,11724104,-1.722,0,"p2,refs+p2","plane 0: slot 2  refs+p2   dc=102  w=(191,-32) | plane 1: slot 0  p2 | plane 2: slot 1  refs+p2   dc=175"
olympus_xz1_16,7364246,7621760,257514,3.497,3680,2760,10156800,3,5.8004,6.0033,0.2028,18.743,8.628,0.6958,0.6723,7.3005,G,,,0.08394,0.08468,1.09,0,2759,467186,0.046,9.552,0.977,0.977,0.948,2,0.04208,24,together,7704414.3,7621740,-1.073,1,"p2,refs+p2","plane 0: slot 2  refs+p2   dc=108  w=(128,0) | plane 1: slot 0  p2 | plane 2: slot 1  refs+p2   dc=136"
olympus_xz1_17,10805002,11090964,285962,2.647,3680,2760,10156800,3,8.5106,8.7358,0.2252,20.8268,11.687,0.7475,0.7282,9.862,G,,,0.01081,0.00992,1.01,0,2759,205538,0.0202,0.211,0.936,0.975,0.849,2,0.00179,24,together,11228314.3,11090944,-1.223,0,"p2,refs+p2","plane 0: slot 1  refs+p2   dc=204 | plane 1: slot 0  p2 | plane 2: slot 2  refs+p2   dc=196  w=(131,-14)"
olympus_xz1_18,9018058,9315908,297850,3.303,2760,3680,10156800,3,7.1031,7.3377,0.2346,21.752,10.1094,0.7258,0.7026,8.3791,G,,,0.04746,0.04574,1.05,0,3679,201001,0.0198,2.759,0.994,0.98,0.964,2,0.02819,24,together,9416090.3,9315888,-1.064,1,"p2,refs+p2","plane 0: slot 1  refs+p2   dc=215 | plane 1: slot 0  p2 | plane 2: slot 2  refs+p2   dc=235  w=(125,-11)"
olympus_xz1_19,9097338,9423116,325778,3.581,3680,2760,10156800,3,7.1655,7.4221,0.2566,21.193,9.9948,0.7426,0.7169,8.3876,G,,,0.02418,0.02109,1.02,0,2759,193445,0.019,0.205,0.984,0.979,0.938,2,0.00527,24,together,9501618.3,9423096,-0.826,0,"p2,refs+p2","plane 0: slot 2  refs+p2   dc=143  w=(124,-7) | plane 1: slot 0  p2 | plane 2: slot 1  refs+p2   dc=220"
olympus_xz1_20,15706428,16046476,340048,2.165,2760,3680,10156800,3,12.3712,12.639,0.2678,21.8635,15.2906,0.8266,0.8091,13.8932,G,,,0.00358,0.00295,1.0,0,3679,705152,0.0694,0.31,0.89,0.963,0.786,2,0.00239,24,together,16064310.3,16046456,-0.111,1,"p2,refs+p2","plane 0: slot 1  refs+p2   dc=114 | plane 1: slot 0  p2 | plane 2: slot 2  refs+p2   dc=217  w=(110,-10)"
olympus_xz1_21,16238971,16698800,459829,2.832,2760,3680,10156800,3,12.7906,13.1528,0.3622,19.4251,15.7763,0.8337,0.8108,14.5537,G,,,0.00207,0.00205,1.0,0,3679,416533,0.041,0.739,0.893,0.915,0.785,2,0.00056,24,planar,16702282.3,16698780,-0.021,1,"refs+p2,slow","plane 0: slot 1  refs+p2   dc=180 | plane 1: slot 0  slow | plane 2: slot 2  refs+p2   dc=199  w=(124,-16)"
olympus_xz1_22,15617410,16014328,396918,2.542,2760,3680,10156800,3,12.301,12.6137,0.3126,22.196,15.3715,0.8206,0.8002,14.0025,G,,,0.00162,0.00162,1.0,0,3679,643329,0.0633,0.239,0.934,0.981,0.881,2,0.00033,24,together,16031094.3,16014308,-0.105,0,"p2,refs+p2","plane 0: slot 1  refs+p2   dc=149 | plane 1: slot 0  p2 | plane 2: slot 2  refs+p2   dc=205  w=(125,-13)"
olympus_xz1_23,8456200,8759896,303696,3.591,2760,3680,10156800,3,6.6605,6.8997,0.2392,19.4403,9.8045,0.7037,0.6793,8.3861,G,,,0.1181,0.11821,1.13,0,3679,102444,0.0101,10.837,0.999,0.998,0.995,2,0.10321,24,together,8747690.3,8759876,0.139,0,"p2,refs+p2","plane 0: slot 1  refs+p2   dc=144 | plane 1: slot 0  p2 | plane 2: slot 2  refs+p2   dc=225  w=(128,0)"
olympus_xz1_24,11267251,11627768,360517,3.2,2760,3680,10156800,3,8.8746,9.1586,0.284,20.0962,11.8803,0.7709,0.747,10.3828,G,,,0.00796,0.00758,1.01,0,3679,115423,0.0114,0.128,0.991,0.983,0.971,2,0.00125,24,together,11679006.3,11627748,-0.439,1,"p2,refs+p2","plane 0: slot 1  refs+p2   dc=221 | plane 1: slot 0  p2 | plane 2: slot 2  refs+p2   dc=221  w=(147,-19)"
olympus_xz1_25,11170955,11523704,352749,3.158,3680,2760,10156800,3,8.7988,9.0766,0.2778,20.086,11.8023,0.7691,0.7455,10.1858,G,,,0.00846,0.00807,1.01,0,2759,124403,0.0122,0.211,0.989,0.972,0.945,2,0.00128,24,together,11561198.3,11523684,-0.324,1,"p2,refs+p2","plane 0: slot 1  refs+p2   dc=222 | plane 1: slot 0  p2 | plane 2: slot 2  refs+p2   dc=224  w=(136,-12)"
olympus_xz1_26,11439675,11768988,329313,2.879,3680,2760,10156800,3,9.0105,9.2698,0.2594,21.6876,12.0745,0.7677,0.7462,10.3528,G,,,0.00812,0.00721,1.01,0,2759,227211,0.0224,0.107,0.989,0.979,0.946,2,0.00128,24,together,11869042.3,11768968,-0.843,0,"p2,refs+p2","plane 0: slot 2  refs+p2   dc=118  w=(136,-16) | plane 1: slot 0  p2 | plane 2: slot 1  refs+p2   dc=105"
olympus_xz1_27,12534003,12891788,357785,2.855,2760,3680,10156800,3,9.8724,10.1542,0.2818,20.5287,13.2433,0.7667,0.7455,11.4536,G,,,0.00467,0.00469,1.0,0,3679,267337,0.0263,0.222,0.997,0.993,0.99,2,0.00067,24,together,12960730.3,12891768,-0.532,0,"p2,refs+p2","plane 0: slot 2  refs+p2   dc=174  w=(129,-13) | plane 1: slot 0  p2 | plane 2: slot 1  refs+p2   dc=190"
sony_a55_01,11745358,12000228,254870,2.17,4928,3280,16163840,3,5.8132,5.9393,0.1261,19.897,7.6044,0.781,0.7644,7.0946,G,,,0.0585,0.05588,1.06,0,3279,240336,0.0149,0.949,0.908,0.953,0.759,2,0.02027,24,together,12491002.3,12000208,-3.929,0,"p2,refs+p2","plane 0: slot 2  refs+p2   dc=174  w=(74,13) | plane 1: slot 0  p2 | plane 2: slot 1  refs+p2   dc=209"
sony_a55_02,12054895,12282564,227669,1.889,4928,3280,16163840,3,5.9664,6.079,0.1127,19.4152,7.8501,0.7744,0.76,7.2673,G,,,0.05001,0.04753,1.05,0,3279,192674,0.0119,0.913,0.648,0.925,0.321,2,0.01532,24,together,12851994.3,12282544,-4.431,0,"p2,refs+p2","plane 0: slot 2  refs+p2   dc=230  w=(78,11) | plane 1: slot 0  p2 | plane 2: slot 1  refs+p2   dc=181"
sony_a55_03,17989004,18409784,420780,2.339,4928,3280,16163840,3,8.9033,9.1116,0.2083,20.7969,10.7831,0.845,0.8257,10.1996,G,,,0.00699,0.00647,1.01,0,3279,335435,0.0208,0.064,0.962,0.965,0.89,2,0.00116,24,together,18623590.3,18409764,-1.148,0,"p2,refs+p2","plane 0: slot 2  refs+p2   dc=225  w=(91,9) | plane 1: slot 0  p2 | plane 2: slot 1  refs+p2   dc=182"
sony_a55_04,16424843,16571892,147049,0.895,4928,3280,16163840,3,8.1292,8.202,0.0728,19.8327,11.1636,0.7347,0.7282,10.1008,G,,,0.01959,0.01698,1.02,0,3279,343722,0.0213,1.034,0.785,0.881,0.449,2,0.00615,24,together,17100530.3,16571872,-3.091,1,"p2,refs+p2","plane 0: slot 2  refs+p2   dc=180  w=(87,13) | plane 1: slot 0  p2 | plane 2: slot 1  refs+p2   dc=183"
sony_a55_05,18476235,18826896,350661,1.898,4928,3280,16163840,3,9.1445,9.318,0.1736,19.3204,10.9459,0.8513,0.8354,10.4607,G,,,0.00608,0.00592,1.01,0,3279,450456,0.0279,0.081,0.94,0.663,0.598,2,0.00108,24,together,19116262.3,18826876,-1.514,0,"p2,refs+p2","plane 0: slot 2  refs+p2   dc=220  w=(93,6) | plane 1: slot 0  p2 | plane 2: slot 1  refs+p2   dc=184"
sony_a55_06,11077283,11245828,168545,1.522,3280,4928,16163840,3,5.4825,5.5659,0.0834,19.2322,7.9825,0.6973,0.6868,7.3801,G,,,0.07555,0.08571,1.08,0,4927,492757,0.0305,3.552,0.983,0.984,0.962,2,0.02973,24,together,11834734.3,11245808,-4.976,0,"p2,refs+p2","plane 0: slot 2  refs+p2   dc=197  w=(63,24) | plane 1: slot 0  p2 | plane 2: slot 1  refs+p2   dc=117"
sony_a55_07,11291367,11678856,387489,3.432,4928,3280,16163840,3,5.5885,5.7802,0.1918,18.4729,7.1997,0.8028,0.7762,6.8069,G,,,0.05809,0.05584,1.06,0,3279,165933,0.0103,0.937,0.946,0.958,0.833,2,0.01793,23,together,12097262.3,11678836,-3.459,0,"p2,refs+p2","plane 0: slot 2  refs+p2   dc=213  w=(59,10) | plane 1: slot 0  p2 | plane 2: slot 1  refs+p2   dc=190"
sony_a55_08,11938059,12322392,384333,3.219,3280,4928,16163840,3,5.9085,6.0987,0.1902,21.5215,7.7254,0.7894,0.7648,7.1595,G,,,0.05437,0.04672,1.06,0,4927,336083,0.0208,0.262,0.963,0.965,0.884,2,0.01568,24,together,12734062.3,12322372,-3.233,0,"p2,refs+p2","plane 0: slot 2  refs+p2   dc=161  w=(74,13) | plane 1: slot 0  p2 | plane 2: slot 1  refs+p2   dc=175"
sony_a55_09,12948683,13312588,363905,2.81,4928,3280,16163840,3,6.4087,6.5888,0.1801,19.8372,8.1372,0.8097,0.7876,7.7882,G,,,0.03689,0.03691,1.04,0,3279,679324,0.042,1.8,0.84,0.935,0.7,2,0.01208,24,together,13725562.3,13312568,-3.009,0,"p2,refs+p2","plane 0: slot 2  refs+p2   dc=144  w=(83,6) | plane 1: slot 0  p2 | plane 2: slot 1  refs+p2   dc=203"
sony_a55_10,16288609,16535832,247223,1.518,3280,4928,16163840,3,8.0618,8.1841,0.1224,20.3759,9.8327,0.8323,0.8199,9.4768,G,,,0.01276,0.01272,1.01,0,4927,1371911,0.0849,0.184,0.753,0.605,0.774,2,0.00272,24,together,17004718.3,16535812,-2.758,0,"p2,refs+p2","plane 0: slot 2  refs+p2   dc=117  w=(80,15) | plane 1: slot 0  p2 | plane 2: slot 1  refs+p2   dc=204"
sony_a55_11,31196405,31396828,200423,0.642,4928,3280,16163840,3,15.4401,15.5393,0.0992,19.7532,17.1765,0.9047,0.8989,17.0432,G,,,0.00073,0.00072,1.0,0,3279,1026564,0.0635,0.291,0.495,0.646,0.468,2,0.00014,24,together,31965506.3,31396808,-1.779,0,"p2,refs+p2","plane 0: slot 1  refs+p2   dc=147 | plane 1: slot 0  p2 | plane 2: slot 2  refs+p2   dc=168  w=(76,10)"
sony_a55_15,13067896,13220744,152848,1.17,3280,4928,16163840,3,6.4677,6.5434,0.0756,20.7271,9.1743,0.7132,0.705,8.2245,G,,,0.03439,0.03399,1.04,0,4927,544262,0.0337,0.207,0.962,0.971,0.899,2,0.00913,24,together,13733442.3,13220724,-3.733,1,"p2,refs+p2","plane 0: slot 1  refs+p2   dc=159 | plane 1: slot 0  p2 | plane 2: slot 2  refs+p2   dc=132  w=(78,21)"
