candidate,tfwz_bytes,tfwc2_bytes,book1wrt_bytes,delta_bytes,delta_pct,prefix_pct,heldout_pct
B250,2516229,2557080,170399,1176,0.695,+0.708,+0.690
B350,2440661,2482165,170903,1680,0.993,+0.950,+1.011
B450,2384933,2426739,171246,2023,1.195,+1.150,+1.214
v10d0001,2406727,2453694,170795,1572,0.929,+0.930,+0.928
v10d0003,2406593,2453581,170807,1584,0.936,+0.935,+0.937
v10d001,2406251,2453303,170903,1680,0.993,+1.012,+0.985
v10d003,2405440,2452551,170815,1592,0.941,+0.942,+0.940
v10d03,2400920,2448491,171193,1970,1.164,+1.087,+1.196
v10d1,2397036,2445142,171514,2291,1.354,+1.296,+1.378
v11B375,2403179,2450319,170941,1718,1.015,+0.990,+1.026
v11B385,2397020,2444368,171024,1801,1.064,+1.034,+1.076
v2B300,2450052,2495974,170636,1413,0.835,+0.850,+0.829
v2B350,2419261,2466457,170775,1552,0.917,+0.894,+0.926
v2B400,2390787,2438385,171096,1873,1.107,+1.079,+1.119
v3B300,2435896,2483487,170780,1557,0.920,+0.945,+0.910
v3B350,2390396,2439557,171125,1902,1.124,+1.170,+1.105
v3B400,2362212,2411771,171352,2129,1.258,+1.271,+1.253
v4B350,2340148,2388533,171818,2595,1.533,+1.508,+1.544
v4B400,2307775,2356527,171859,2636,1.558,+1.568,+1.554
v4B450,2277632,2327405,172027,2804,1.657,+1.723,+1.630
v5B300,2416669,2461746,170963,1740,1.028,+1.036,+1.025
v5B350,2378148,2424562,171156,1933,1.142,+1.145,+1.141
v5B400,2348113,2395677,171237,2014,1.190,+1.200,+1.186
v6B300,2493171,2536631,170590,1367,0.808,+0.751,+0.831
v6B350,2460310,2504897,170771,1548,0.915,+0.893,+0.924
v6B400,2428104,2473941,170785,1562,0.923,+0.909,+0.930
v7B350,2438359,2485230,170692,1469,0.868,+0.872,+0.867
v7B400,2406713,2454113,170981,1758,1.039,+1.045,+1.036
v7B450,2378271,2426064,171130,1907,1.127,+1.093,+1.141
v8a,2432103,2480701,170838,1615,0.954,+0.930,+0.964
v8b,2413967,2463712,171172,1949,1.152,+1.098,+1.175
v8c,2396103,2446029,171257,2034,1.202,+1.163,+1.219
v9B360,2419261,2466457,170775,1552,0.917,+0.894,+0.926
v9B370,2403749,2450993,170855,1632,0.964,+0.936,+0.976
v9B380,2398948,2446268,171005,1782,1.053,+1.009,+1.072
